timestamp_ns,trial_time_s,hand_visible,handedness,confidence,thumb_mcp,thumb_pip,thumb_dip,index_mcp,index_pip,index_dip,middle_mcp,middle_pip,middle_dip,ring_mcp,ring_pip,ring_dip,pinky_mcp,pinky_pip,pinky_dip
3219077501897,0.8668,0,None,0.0,0.0,0.0,0.0,0.0,0.0,0.0,0.0,0.0,0.0,0.0,0.0,0.0,0.0,0.0,0.0
3219252327744,1.0416,0,None,0.0,0.0,0.0,0.0,0.0,0.0,0.0,0.0,0.0,0.0,0.0,0.0,0.0,0.0,0.0,0.0
3219395342786,1.1846,0,None,0.0,0.0,0.0,0.0,0.0,0.0,0.0,0.0,0.0,0.0,0.0,0.0,0.0,0.0,0.0,0.0
3219560841768,1.3501,0,None,0.0,0.0,0.0,0.0,0.0,0.0,0.0,0.0,0.0,0.0,0.0,0.0,0.0,0.0,0.0,0.0
3219705117335,1.4944,0,None,0.0,0.0,0.0,0.0,0.0,0.0,0.0,0.0,0.0,0.0,0.0,0.0,0.0,0.0,0.0,0.0
3219851861413,1.6411,0,None,0.0,0.0,0.0,0.0,0.0,0.0,0.0,0.0,0.0,0.0,0.0,0.0,0.0,0.0,0.0,0.0
3219994579005,1.7839,0,None,0.0,0.0,0.0,0.0,0.0,0.0,0.0,0.0,0.0,0.0,0.0,0.0,0.0,0.0,0.0,0.0
3220139057557,1.9283,0,None,0.0,0.0,0.0,0.0,0.0,0.0,0.0,0.0,0.0,0.0,0.0,0.0,0.0,0.0,0.0,0.0
3220282576684,2.0719,0,None,0.0,0.0,0.0,0.0,0.0,0.0,0.0,0.0,0.0,0.0,0.0,0.0,0.0,0.0,0.0,0.0
3220424511097,2.2138,0,None,0.0,0.0,0.0,0.0,0.0,0.0,0.0,0.0,0.0,0.0,0.0,0.0,0.0,0.0,0.0,0.0
3220567960169,2.3572,0,None,0.0,0.0,0.0,0.0,0.0,0.0,0.0,0.0,0.0,0.0,0.0,0.0,0.0,0.0,0.0,0.0
3220707747484,2.497,0,None,0.0,0.0,0.0,0.0,0.0,0.0,0.0,0.0,0.0,0.0,0.0,0.0,0.0,0.0,0.0,0.0
3220851784345,2.6411,0,None,0.0,0.0,0.0,0.0,0.0,0.0,0.0,0.0,0.0,0.0,0.0,0.0,0.0,0.0,0.0,0.0
3220996345680,2.7856,0,None,0.0,0.0,0.0,0.0,0.0,0.0,0.0,0.0,0.0,0.0,0.0,0.0,0.0,0.0,0.0,0.0
3221141750346,2.931,0,None,0.0,0.0,0.0,0.0,0.0,0.0,0.0,0.0,0.0,0.0,0.0,0.0,0.0,0.0,0.0,0.0
3221281672609,3.0709,0,None,0.0,0.0,0.0,0.0,0.0,0.0,0.0,0.0,0.0,0.0,0.0,0.0,0.0,0.0,0.0,0.0
3221417789707,3.2071,0,None,0.0,0.0,0.0,0.0,0.0,0.0,0.0,0.0,0.0,0.0,0.0,0.0,0.0,0.0,0.0,0.0
3221553281829,3.3426,0,None,0.0,0.0,0.0,0.0,0.0,0.0,0.0,0.0,0.0,0.0,0.0,0.0,0.0,0.0,0.0,0.0
3221686732393,3.476,0,None,0.0,0.0,0.0,0.0,0.0,0.0,0.0,0.0,0.0,0.0,0.0,0.0,0.0,0.0,0.0,0.0
3221818893506,3.6082,0,None,0.0,0.0,0.0,0.0,0.0,0.0,0.0,0.0,0.0,0.0,0.0,0.0,0.0,0.0,0.0,0.0
3221950790725,3.7401,0,None,0.0,0.0,0.0,0.0,0.0,0.0,0.0,0.0,0.0,0.0,0.0,0.0,0.0,0.0,0.0,0.0
3222085152733,3.8744,0,None,0.0,0.0,0.0,0.0,0.0,0.0,0.0,0.0,0.0,0.0,0.0,0.0,0.0,0.0,0.0,0.0
3222216796058,4.0061,0,None,0.0,0.0,0.0,0.0,0.0,0.0,0.0,0.0,0.0,0.0,0.0,0.0,0.0,0.0,0.0,0.0
3222368581725,4.1579,0,None,0.0,0.0,0.0,0.0,0.0,0.0,0.0,0.0,0.0,0.0,0.0,0.0,0.0,0.0,0.0,0.0
3222503005274,4.2923,0,None,0.0,0.0,0.0,0.0,0.0,0.0,0.0,0.0,0.0,0.0,0.0,0.0,0.0,0.0,0.0,0.0
3222638960482,4.4282,0,None,0.0,0.0,0.0,0.0,0.0,0.0,0.0,0.0,0.0,0.0,0.0,0.0,0.0,0.0,0.0,0.0
3222774331327,4.5636,0,None,0.0,0.0,0.0,0.0,0.0,0.0,0.0,0.0,0.0,0.0,0.0,0.0,0.0,0.0,0.0,0.0
3222907752394,4.697,0,None,0.0,0.0,0.0,0.0,0.0,0.0,0.0,0.0,0.0,0.0,0.0,0.0,0.0,0.0,0.0,0.0
3223041274962,4.8306,0,None,0.0,0.0,0.0,0.0,0.0,0.0,0.0,0.0,0.0,0.0,0.0,0.0,0.0,0.0,0.0,0.0
3223174751789,4.964,0,None,0.0,0.0,0.0,0.0,0.0,0.0,0.0,0.0,0.0,0.0,0.0,0.0,0.0,0.0,0.0,0.0
3223308312303,5.0976,0,None,0.0,0.0,0.0,0.0,0.0,0.0,0.0,0.0,0.0,0.0,0.0,0.0,0.0,0.0,0.0,0.0
3223442781781,5.2321,0,None,0.0,0.0,0.0,0.0,0.0,0.0,0.0,0.0,0.0,0.0,0.0,0.0,0.0,0.0,0.0,0.0
3223576363335,5.3656,0,None,0.0,0.0,0.0,0.0,0.0,0.0,0.0,0.0,0.0,0.0,0.0,0.0,0.0,0.0,0.0,0.0
3223709365433,5.4986,0,None,0.0,0.0,0.0,0.0,0.0,0.0,0.0,0.0,0.0,0.0,0.0,0.0,0.0,0.0,0.0,0.0
3223841219971,5.6305,0,None,0.0,0.0,0.0,0.0,0.0,0.0,0.0,0.0,0.0,0.0,0.0,0.0,0.0,0.0,0.0,0.0
3223974722301,5.764,0,None,0.0,0.0,0.0,0.0,0.0,0.0,0.0,0.0,0.0,0.0,0.0,0.0,0.0,0.0,0.0,0.0
3224105945271,5.8952,0,None,0.0,0.0,0.0,0.0,0.0,0.0,0.0,0.0,0.0,0.0,0.0,0.0,0.0,0.0,0.0,0.0
3224246437035,6.0357,0,None,0.0,0.0,0.0,0.0,0.0,0.0,0.0,0.0,0.0,0.0,0.0,0.0,0.0,0.0,0.0,0.0
3224383825684,6.1731,0,None,0.0,0.0,0.0,0.0,0.0,0.0,0.0,0.0,0.0,0.0,0.0,0.0,0.0,0.0,0.0,0.0
3224521956404,6.3112,0,None,0.0,0.0,0.0,0.0,0.0,0.0,0.0,0.0,0.0,0.0,0.0,0.0,0.0,0.0,0.0,0.0
3224676774101,6.466,0,None,0.0,0.0,0.0,0.0,0.0,0.0,0.0,0.0,0.0,0.0,0.0,0.0,0.0,0.0,0.0,0.0
3224819284982,6.6086,0,None,0.0,0.0,0.0,0.0,0.0,0.0,0.0,0.0,0.0,0.0,0.0,0.0,0.0,0.0,0.0,0.0
3224958045714,6.7473,0,None,0.0,0.0,0.0,0.0,0.0,0.0,0.0,0.0,0.0,0.0,0.0,0.0,0.0,0.0,0.0,0.0
3225092879832,6.8822,0,None,0.0,0.0,0.0,0.0,0.0,0.0,0.0,0.0,0.0,0.0,0.0,0.0,0.0,0.0,0.0,0.0
3225229932772,7.0192,0,None,0.0,0.0,0.0,0.0,0.0,0.0,0.0,0.0,0.0,0.0,0.0,0.0,0.0,0.0,0.0,0.0
3225380997730,7.1703,1,Right,0.63,19.0,8.0,0.0,10.7,4.8,2.2,5.6,2.2,0.9,7.4,1.7,3.1,12.1,7.1,3.3
3225505067361,7.2943,1,Right,0.87,17.1,7.6,0.0,11.2,3.5,1.4,7.8,2.2,0.6,11.3,3.8,1.3,19.7,6.6,1.9
3225626818669,7.4161,1,Right,0.88,16.2,9.7,0.0,13.7,3.3,1.0,10.1,4.8,2.2,12.8,4.8,1.4,18.6,6.6,1.7
3225748542142,7.5378,1,Right,0.87,16.3,8.8,0.0,15.0,3.1,1.4,10.8,5.7,2.5,13.0,6.4,1.7,19.4,5.9,1.2
3225870789441,7.6601,1,Right,0.88,14.9,8.3,0.0,16.1,3.6,1.6,11.7,6.5,2.3,12.6,7.4,1.4,18.2,6.9,1.4
3225991585563,7.7809,1,Right,0.86,13.9,8.6,0.0,12.4,3.6,2.9,6.8,6.5,4.4,11.1,7.0,2.5,17.3,7.0,1.9
3226115469449,7.9047,1,Right,0.9,15.0,9.1,0.0,15.6,5.2,1.8,10.7,8.9,3.2,12.3,9.7,1.6,17.2,8.5,2.2
3226272935609,8.0622,1,Right,0.93,14.0,9.0,0.0,15.0,5.7,2.4,10.0,9.5,3.1,12.9,10.0,1.6,17.3,8.8,2.7
3226460441698,8.2497,1,Right,0.92,14.3,12.0,0.0,14.2,3.8,2.9,10.0,7.3,3.7,12.1,7.8,1.6,19.6,7.0,2.4
3226616324404,8.4056,1,Right,0.88,14.7,8.0,0.0,14.9,3.3,2.0,10.5,6.1,2.4,12.0,6.7,1.6,18.7,6.4,2.0
3226748185673,8.5375,1,Right,0.92,15.1,10.1,0.0,14.9,4.2,2.6,10.6,7.7,3.6,12.4,8.8,1.3,19.2,7.2,1.5
3226881730604,8.671,1,Right,0.92,14.6,8.9,0.0,14.2,3.7,2.0,9.6,6.7,2.5,12.1,7.4,1.7,19.0,6.5,2.5
3227009869151,8.7991,1,Right,0.91,13.8,8.5,0.0,14.3,3.6,1.8,10.2,6.6,2.4,11.9,7.4,1.4,19.0,6.6,1.5
3227141679530,8.931,1,Right,0.93,15.9,4.6,0.0,17.2,4.5,1.9,12.0,8.4,2.3,13.4,9.5,1.6,19.0,8.0,2.3
3227271713244,9.061,1,Right,0.91,15.0,10.2,0.0,16.7,4.7,2.3,12.2,8.1,2.4,14.6,9.5,1.8,21.1,8.0,1.9
3227404479478,9.1938,1,Right,0.9,14.8,12.6,0.0,14.7,3.6,2.3,10.9,6.3,2.3,14.1,6.8,1.2,21.2,6.6,1.4
3227538072228,9.3273,1,Right,0.92,16.5,15.7,0.0,16.9,3.8,2.0,12.1,7.7,2.2,14.3,8.9,1.9,20.5,7.9,2.5
3227669921758,9.4592,1,Right,0.93,14.6,11.0,0.0,17.1,4.3,2.2,11.6,8.8,2.8,13.8,10.2,1.5,20.2,8.4,1.7
3227801823512,9.5911,1,Right,0.9,15.6,13.3,0.0,17.7,4.7,2.4,13.2,8.2,2.1,15.6,9.1,1.7,21.5,7.8,1.8
3227936467968,9.7257,1,Right,0.83,15.5,14.4,0.0,18.1,4.7,1.9,13.6,7.7,1.3,15.6,8.4,2.3,21.1,7.6,2.3
3228073369376,9.8626,1,Right,0.89,14.7,12.0,0.0,18.9,4.8,1.8,13.6,8.5,1.7,15.2,8.9,2.2,19.7,7.7,2.2
3228202525353,9.9918,1,Right,0.91,15.6,11.1,0.0,17.0,4.4,2.6,12.4,8.0,2.5,15.3,9.5,1.4,21.8,7.9,1.3
3228322938696,10.1122,1,Right,0.89,15.7,9.3,0.0,17.8,4.0,2.2,13.5,7.1,1.7,15.8,8.0,2.1,22.2,7.0,2.4
3228447051002,10.2363,1,Right,0.9,11.7,11.6,0.0,15.5,4.9,2.7,12.1,7.6,1.7,15.9,8.3,2.2,23.1,7.3,2.4
3228568042302,10.3573,1,Right,0.98,14.5,17.7,0.0,13.4,8.5,2.4,7.8,10.2,4.6,6.6,11.3,8.3,13.1,16.9,8.9
3228689825655,10.4791,1,Right,0.94,6.8,11.5,0.0,8.5,7.1,3.5,4.8,9.0,2.0,5.2,10.1,7.7,7.3,9.9,8.8
3228811090756,10.6004,1,Right,0.96,8.8,1.7,0.0,6.6,7.6,3.0,5.5,10.7,2.4,8.8,10.2,5.2,10.8,9.8,7.3
3228930806735,10.7201,1,Right,0.95,8.4,3.4,0.0,4.9,6.2,3.7,4.8,7.9,2.2,6.8,8.0,6.2,10.0,7.4,7.7
3229053683035,10.843,1,Right,0.96,9.0,3.3,0.0,5.1,6.3,3.3,5.7,8.0,2.2,7.5,7.9,6.1,10.0,8.2,7.5
3229174881320,10.9642,1,Right,0.96,7.6,5.7,0.0,5.7,6.0,3.8,4.9,6.8,2.1,5.8,6.0,6.1,8.3,8.1,7.3
3229294883731,11.0842,1,Right,0.97,4.7,5.4,0.0,5.4,5.4,3.7,4.9,6.8,2.7,5.4,6.9,7.6,7.4,10.1,8.3
3229416411729,11.2057,1,Right,0.95,4.3,7.1,0.0,3.9,5.2,3.4,2.9,6.2,2.8,4.2,5.9,7.9,7.1,10.4,8.8
3229536452865,11.3257,1,Right,0.92,12.0,27.0,0.0,10.8,3.9,7.1,2.7,4.5,7.8,2.9,5.6,11.7,7.0,24.1,22.7
3229656449740,11.4457,1,Right,0.6,16.7,24.1,0.0,17.6,3.9,2.1,16.2,5.6,4.0,10.7,7.4,6.3,17.0,22.2,8.8
3229785278346,11.5746,1,Right,0.7,13.7,18.2,0.0,19.5,3.0,5.9,13.9,2.7,9.0,4.1,11.0,14.2,2.4,19.1,18.3
3229922531600,11.7118,1,Right,0.74,10.3,16.0,0.0,19.1,1.8,4.7,14.7,5.2,7.9,4.5,14.5,12.7,2.8,18.7,15.4
3230058806556,11.8481,1,Right,0.69,10.1,15.6,0.0,18.0,2.1,6.0,13.8,4.5,9.8,2.7,13.4,14.4,4.5,17.0,16.8
3230188044985,11.9773,1,Right,0.73,10.6,15.4,0.0,19.7,1.4,5.7,15.2,4.7,8.5,4.7,14.3,13.9,5.1,15.7,16.6
3230314791884,12.1041,1,Right,0.59,9.9,17.7,0.0,18.6,1.9,5.9,13.0,4.3,10.4,1.4,13.6,14.5,6.1,15.4,15.9
3230435965063,12.2252,1,Right,0.79,11.6,15.3,0.0,18.7,1.0,3.5,14.8,5.4,7.5,6.1,14.4,12.4,6.3,17.9,16.6
3230555602007,12.3449,1,Right,0.67,9.2,15.6,0.0,19.3,2.0,5.8,14.1,5.0,9.3,2.2,13.2,13.8,4.0,17.0,15.9
3230678417904,12.4677,0,None,0.0,0.0,0.0,0.0,0.0,0.0,0.0,0.0,0.0,0.0,0.0,0.0,0.0,0.0,0.0,0.0
3230815325506,12.6046,0,None,0.0,0.0,0.0,0.0,0.0,0.0,0.0,0.0,0.0,0.0,0.0,0.0,0.0,0.0,0.0,0.0
3230951405776,12.7407,0,None,0.0,0.0,0.0,0.0,0.0,0.0,0.0,0.0,0.0,0.0,0.0,0.0,0.0,0.0,0.0,0.0
3231086166632,12.8754,0,None,0.0,0.0,0.0,0.0,0.0,0.0,0.0,0.0,0.0,0.0,0.0,0.0,0.0,0.0,0.0,0.0
3231223639448,13.0129,0,None,0.0,0.0,0.0,0.0,0.0,0.0,0.0,0.0,0.0,0.0,0.0,0.0,0.0,0.0,0.0,0.0
3231360070005,13.1493,0,None,0.0,0.0,0.0,0.0,0.0,0.0,0.0,0.0,0.0,0.0,0.0,0.0,0.0,0.0,0.0,0.0
3231500494309,13.2898,0,None,0.0,0.0,0.0,0.0,0.0,0.0,0.0,0.0,0.0,0.0,0.0,0.0,0.0,0.0,0.0,0.0
3231634808214,13.4241,0,None,0.0,0.0,0.0,0.0,0.0,0.0,0.0,0.0,0.0,0.0,0.0,0.0,0.0,0.0,0.0,0.0
3231770178010,13.5595,0,None,0.0,0.0,0.0,0.0,0.0,0.0,0.0,0.0,0.0,0.0,0.0,0.0,0.0,0.0,0.0,0.0
3231913746192,13.703,0,None,0.0,0.0,0.0,0.0,0.0,0.0,0.0,0.0,0.0,0.0,0.0,0.0,0.0,0.0,0.0,0.0
3232155436874,13.9447,0,None,0.0,0.0,0.0,0.0,0.0,0.0,0.0,0.0,0.0,0.0,0.0,0.0,0.0,0.0,0.0,0.0
3232302208324,14.0915,0,None,0.0,0.0,0.0,0.0,0.0,0.0,0.0,0.0,0.0,0.0,0.0,0.0,0.0,0.0,0.0,0.0
3232451806738,14.2411,0,None,0.0,0.0,0.0,0.0,0.0,0.0,0.0,0.0,0.0,0.0,0.0,0.0,0.0,0.0,0.0,0.0
3232606120895,14.3954,0,None,0.0,0.0,0.0,0.0,0.0,0.0,0.0,0.0,0.0,0.0,0.0,0.0,0.0,0.0,0.0,0.0
3232755692532,14.545,0,None,0.0,0.0,0.0,0.0,0.0,0.0,0.0,0.0,0.0,0.0,0.0,0.0,0.0,0.0,0.0,0.0
3232901768339,14.691,0,None,0.0,0.0,0.0,0.0,0.0,0.0,0.0,0.0,0.0,0.0,0.0,0.0,0.0,0.0,0.0,0.0
3233049129728,14.8384,0,None,0.0,0.0,0.0,0.0,0.0,0.0,0.0,0.0,0.0,0.0,0.0,0.0,0.0,0.0,0.0,0.0
3233196318892,14.9856,0,None,0.0,0.0,0.0,0.0,0.0,0.0,0.0,0.0,0.0,0.0,0.0,0.0,0.0,0.0,0.0,0.0
3233344595226,15.1339,0,None,0.0,0.0,0.0,0.0,0.0,0.0,0.0,0.0,0.0,0.0,0.0,0.0,0.0,0.0,0.0,0.0
3233497275187,15.2866,0,None,0.0,0.0,0.0,0.0,0.0,0.0,0.0,0.0,0.0,0.0,0.0,0.0,0.0,0.0,0.0,0.0
3233641254382,15.4305,0,None,0.0,0.0,0.0,0.0,0.0,0.0,0.0,0.0,0.0,0.0,0.0,0.0,0.0,0.0,0.0,0.0
3233780570614,15.5698,0,None,0.0,0.0,0.0,0.0,0.0,0.0,0.0,0.0,0.0,0.0,0.0,0.0,0.0,0.0,0.0,0.0
3233918351223,15.7076,0,None,0.0,0.0,0.0,0.0,0.0,0.0,0.0,0.0,0.0,0.0,0.0,0.0,0.0,0.0,0.0,0.0
3234055037162,15.8443,0,None,0.0,0.0,0.0,0.0,0.0,0.0,0.0,0.0,0.0,0.0,0.0,0.0,0.0,0.0,0.0,0.0
3234194912701,15.9842,0,None,0.0,0.0,0.0,0.0,0.0,0.0,0.0,0.0,0.0,0.0,0.0,0.0,0.0,0.0,0.0,0.0
3234332736072,16.122,0,None,0.0,0.0,0.0,0.0,0.0,0.0,0.0,0.0,0.0,0.0,0.0,0.0,0.0,0.0,0.0,0.0
3234472160772,16.2614,0,None,0.0,0.0,0.0,0.0,0.0,0.0,0.0,0.0,0.0,0.0,0.0,0.0,0.0,0.0,0.0,0.0
3234612595862,16.4019,0,None,0.0,0.0,0.0,0.0,0.0,0.0,0.0,0.0,0.0,0.0,0.0,0.0,0.0,0.0,0.0,0.0
3234749695646,16.539,0,None,0.0,0.0,0.0,0.0,0.0,0.0,0.0,0.0,0.0,0.0,0.0,0.0,0.0,0.0,0.0,0.0
3234886499793,16.6758,0,None,0.0,0.0,0.0,0.0,0.0,0.0,0.0,0.0,0.0,0.0,0.0,0.0,0.0,0.0,0.0,0.0
3235025393316,16.8147,0,None,0.0,0.0,0.0,0.0,0.0,0.0,0.0,0.0,0.0,0.0,0.0,0.0,0.0,0.0,0.0,0.0
3235183382126,16.9727,0,None,0.0,0.0,0.0,0.0,0.0,0.0,0.0,0.0,0.0,0.0,0.0,0.0,0.0,0.0,0.0,0.0
3235338772312,17.128,0,None,0.0,0.0,0.0,0.0,0.0,0.0,0.0,0.0,0.0,0.0,0.0,0.0,0.0,0.0,0.0,0.0
3235501071285,17.2903,0,None,0.0,0.0,0.0,0.0,0.0,0.0,0.0,0.0,0.0,0.0,0.0,0.0,0.0,0.0,0.0,0.0
3235654906145,17.4442,0,None,0.0,0.0,0.0,0.0,0.0,0.0,0.0,0.0,0.0,0.0,0.0,0.0,0.0,0.0,0.0,0.0
3235792503830,17.5818,0,None,0.0,0.0,0.0,0.0,0.0,0.0,0.0,0.0,0.0,0.0,0.0,0.0,0.0,0.0,0.0,0.0
3235939753800,17.729,0,None,0.0,0.0,0.0,0.0,0.0,0.0,0.0,0.0,0.0,0.0,0.0,0.0,0.0,0.0,0.0,0.0
3236074710655,17.864,0,None,0.0,0.0,0.0,0.0,0.0,0.0,0.0,0.0,0.0,0.0,0.0,0.0,0.0,0.0,0.0,0.0
3236207430298,17.9967,0,None,0.0,0.0,0.0,0.0,0.0,0.0,0.0,0.0,0.0,0.0,0.0,0.0,0.0,0.0,0.0,0.0
3236341611953,18.1309,0,None,0.0,0.0,0.0,0.0,0.0,0.0,0.0,0.0,0.0,0.0,0.0,0.0,0.0,0.0,0.0,0.0
3236475877241,18.2652,0,None,0.0,0.0,0.0,0.0,0.0,0.0,0.0,0.0,0.0,0.0,0.0,0.0,0.0,0.0,0.0,0.0
3236612659320,18.4019,0,None,0.0,0.0,0.0,0.0,0.0,0.0,0.0,0.0,0.0,0.0,0.0,0.0,0.0,0.0,0.0,0.0
3236751236842,18.5405,0,None,0.0,0.0,0.0,0.0,0.0,0.0,0.0,0.0,0.0,0.0,0.0,0.0,0.0,0.0,0.0,0.0
3236887447613,18.6767,0,None,0.0,0.0,0.0,0.0,0.0,0.0,0.0,0.0,0.0,0.0,0.0,0.0,0.0,0.0,0.0,0.0
3237025246490,18.8145,0,None,0.0,0.0,0.0,0.0,0.0,0.0,0.0,0.0,0.0,0.0,0.0,0.0,0.0,0.0,0.0,0.0
3237184839413,18.9741,0,None,0.0,0.0,0.0,0.0,0.0,0.0,0.0,0.0,0.0,0.0,0.0,0.0,0.0,0.0,0.0,0.0
3237407119606,19.1964,0,None,0.0,0.0,0.0,0.0,0.0,0.0,0.0,0.0,0.0,0.0,0.0,0.0,0.0,0.0,0.0,0.0
3237544448606,19.3337,0,None,0.0,0.0,0.0,0.0,0.0,0.0,0.0,0.0,0.0,0.0,0.0,0.0,0.0,0.0,0.0,0.0
3237681015850,19.4703,0,None,0.0,0.0,0.0,0.0,0.0,0.0,0.0,0.0,0.0,0.0,0.0,0.0,0.0,0.0,0.0,0.0
3237817256236,19.6065,0,None,0.0,0.0,0.0,0.0,0.0,0.0,0.0,0.0,0.0,0.0,0.0,0.0,0.0,0.0,0.0,0.0
3237955969134,19.7452,0,None,0.0,0.0,0.0,0.0,0.0,0.0,0.0,0.0,0.0,0.0,0.0,0.0,0.0,0.0,0.0,0.0
3238092632676,19.8819,0,None,0.0,0.0,0.0,0.0,0.0,0.0,0.0,0.0,0.0,0.0,0.0,0.0,0.0,0.0,0.0,0.0
3238245050310,20.0343,0,None,0.0,0.0,0.0,0.0,0.0,0.0,0.0,0.0,0.0,0.0,0.0,0.0,0.0,0.0,0.0,0.0
3238397349241,20.1866,0,None,0.0,0.0,0.0,0.0,0.0,0.0,0.0,0.0,0.0,0.0,0.0,0.0,0.0,0.0,0.0,0.0
3238544813780,20.3341,0,None,0.0,0.0,0.0,0.0,0.0,0.0,0.0,0.0,0.0,0.0,0.0,0.0,0.0,0.0,0.0,0.0
3238698271383,20.4875,0,None,0.0,0.0,0.0,0.0,0.0,0.0,0.0,0.0,0.0,0.0,0.0,0.0,0.0,0.0,0.0,0.0
3238840647838,20.6299,0,None,0.0,0.0,0.0,0.0,0.0,0.0,0.0,0.0,0.0,0.0,0.0,0.0,0.0,0.0,0.0,0.0
3238990337087,20.7796,0,None,0.0,0.0,0.0,0.0,0.0,0.0,0.0,0.0,0.0,0.0,0.0,0.0,0.0,0.0,0.0,0.0
3239136330374,20.9256,0,None,0.0,0.0,0.0,0.0,0.0,0.0,0.0,0.0,0.0,0.0,0.0,0.0,0.0,0.0,0.0,0.0
3239284402166,21.0737,0,None,0.0,0.0,0.0,0.0,0.0,0.0,0.0,0.0,0.0,0.0,0.0,0.0,0.0,0.0,0.0,0.0
3239435689451,21.225,0,None,0.0,0.0,0.0,0.0,0.0,0.0,0.0,0.0,0.0,0.0,0.0,0.0,0.0,0.0,0.0,0.0
3239594391606,21.3837,0,None,0.0,0.0,0.0,0.0,0.0,0.0,0.0,0.0,0.0,0.0,0.0,0.0,0.0,0.0,0.0,0.0
3239738170870,21.5274,0,None,0.0,0.0,0.0,0.0,0.0,0.0,0.0,0.0,0.0,0.0,0.0,0.0,0.0,0.0,0.0,0.0
3239893939207,21.6832,0,None,0.0,0.0,0.0,0.0,0.0,0.0,0.0,0.0,0.0,0.0,0.0,0.0,0.0,0.0,0.0,0.0
3240038780307,21.8281,0,None,0.0,0.0,0.0,0.0,0.0,0.0,0.0,0.0,0.0,0.0,0.0,0.0,0.0,0.0,0.0,0.0
3240177994758,21.9673,0,None,0.0,0.0,0.0,0.0,0.0,0.0,0.0,0.0,0.0,0.0,0.0,0.0,0.0,0.0,0.0,0.0
3240312913031,22.1022,0,None,0.0,0.0,0.0,0.0,0.0,0.0,0.0,0.0,0.0,0.0,0.0,0.0,0.0,0.0,0.0,0.0
3240448069829,22.2373,0,None,0.0,0.0,0.0,0.0,0.0,0.0,0.0,0.0,0.0,0.0,0.0,0.0,0.0,0.0,0.0,0.0
3240589014335,22.3783,0,None,0.0,0.0,0.0,0.0,0.0,0.0,0.0,0.0,0.0,0.0,0.0,0.0,0.0,0.0,0.0,0.0
3240738199951,22.5275,0,None,0.0,0.0,0.0,0.0,0.0,0.0,0.0,0.0,0.0,0.0,0.0,0.0,0.0,0.0,0.0,0.0
3240885093373,22.6744,0,None,0.0,0.0,0.0,0.0,0.0,0.0,0.0,0.0,0.0,0.0,0.0,0.0,0.0,0.0,0.0,0.0
3241018393800,22.8077,0,None,0.0,0.0,0.0,0.0,0.0,0.0,0.0,0.0,0.0,0.0,0.0,0.0,0.0,0.0,0.0,0.0
3241150909305,22.9402,0,None,0.0,0.0,0.0,0.0,0.0,0.0,0.0,0.0,0.0,0.0,0.0,0.0,0.0,0.0,0.0,0.0
3241282332917,23.0716,0,None,0.0,0.0,0.0,0.0,0.0,0.0,0.0,0.0,0.0,0.0,0.0,0.0,0.0,0.0,0.0,0.0
3241420690486,23.21,0,None,0.0,0.0,0.0,0.0,0.0,0.0,0.0,0.0,0.0,0.0,0.0,0.0,0.0,0.0,0.0,0.0
3241569364113,23.3586,0,None,0.0,0.0,0.0,0.0,0.0,0.0,0.0,0.0,0.0,0.0,0.0,0.0,0.0,0.0,0.0,0.0
3241710154508,23.4994,0,None,0.0,0.0,0.0,0.0,0.0,0.0,0.0,0.0,0.0,0.0,0.0,0.0,0.0,0.0,0.0,0.0
3241843923189,23.6332,0,None,0.0,0.0,0.0,0.0,0.0,0.0,0.0,0.0,0.0,0.0,0.0,0.0,0.0,0.0,0.0,0.0
3241978081562,23.7674,0,None,0.0,0.0,0.0,0.0,0.0,0.0,0.0,0.0,0.0,0.0,0.0,0.0,0.0,0.0,0.0,0.0
3242111925114,23.9012,0,None,0.0,0.0,0.0,0.0,0.0,0.0,0.0,0.0,0.0,0.0,0.0,0.0,0.0,0.0,0.0,0.0
3242245025466,24.0343,0,None,0.0,0.0,0.0,0.0,0.0,0.0,0.0,0.0,0.0,0.0,0.0,0.0,0.0,0.0,0.0,0.0
3242379885800,24.1692,0,None,0.0,0.0,0.0,0.0,0.0,0.0,0.0,0.0,0.0,0.0,0.0,0.0,0.0,0.0,0.0,0.0
3242516760490,24.306,0,None,0.0,0.0,0.0,0.0,0.0,0.0,0.0,0.0,0.0,0.0,0.0,0.0,0.0,0.0,0.0,0.0
3242656953524,24.4462,0,None,0.0,0.0,0.0,0.0,0.0,0.0,0.0,0.0,0.0,0.0,0.0,0.0,0.0,0.0,0.0,0.0
3242794925884,24.5842,0,None,0.0,0.0,0.0,0.0,0.0,0.0,0.0,0.0,0.0,0.0,0.0,0.0,0.0,0.0,0.0,0.0
3242933918135,24.7232,0,None,0.0,0.0,0.0,0.0,0.0,0.0,0.0,0.0,0.0,0.0,0.0,0.0,0.0,0.0,0.0,0.0
3243069958401,24.8592,0,None,0.0,0.0,0.0,0.0,0.0,0.0,0.0,0.0,0.0,0.0,0.0,0.0,0.0,0.0,0.0,0.0
3243209719611,24.999,0,None,0.0,0.0,0.0,0.0,0.0,0.0,0.0,0.0,0.0,0.0,0.0,0.0,0.0,0.0,0.0,0.0
3243347786215,25.1371,0,None,0.0,0.0,0.0,0.0,0.0,0.0,0.0,0.0,0.0,0.0,0.0,0.0,0.0,0.0,0.0,0.0
3243484946802,25.2742,0,None,0.0,0.0,0.0,0.0,0.0,0.0,0.0,0.0,0.0,0.0,0.0,0.0,0.0,0.0,0.0,0.0
3243621612287,25.4109,0,None,0.0,0.0,0.0,0.0,0.0,0.0,0.0,0.0,0.0,0.0,0.0,0.0,0.0,0.0,0.0,0.0
3243758524665,25.5478,0,None,0.0,0.0,0.0,0.0,0.0,0.0,0.0,0.0,0.0,0.0,0.0,0.0,0.0,0.0,0.0,0.0
3243896921444,25.6862,0,None,0.0,0.0,0.0,0.0,0.0,0.0,0.0,0.0,0.0,0.0,0.0,0.0,0.0,0.0,0.0,0.0
3244036648027,25.8259,0,None,0.0,0.0,0.0,0.0,0.0,0.0,0.0,0.0,0.0,0.0,0.0,0.0,0.0,0.0,0.0,0.0
3244176447130,25.9657,0,None,0.0,0.0,0.0,0.0,0.0,0.0,0.0,0.0,0.0,0.0,0.0,0.0,0.0,0.0,0.0,0.0
3244311186429,26.1005,0,None,0.0,0.0,0.0,0.0,0.0,0.0,0.0,0.0,0.0,0.0,0.0,0.0,0.0,0.0,0.0,0.0
3244456744984,26.246,0,None,0.0,0.0,0.0,0.0,0.0,0.0,0.0,0.0,0.0,0.0,0.0,0.0,0.0,0.0,0.0,0.0
3244604650549,26.3939,0,None,0.0,0.0,0.0,0.0,0.0,0.0,0.0,0.0,0.0,0.0,0.0,0.0,0.0,0.0,0.0,0.0
3244754936384,26.5442,0,None,0.0,0.0,0.0,0.0,0.0,0.0,0.0,0.0,0.0,0.0,0.0,0.0,0.0,0.0,0.0,0.0
3244904883805,26.6942,0,None,0.0,0.0,0.0,0.0,0.0,0.0,0.0,0.0,0.0,0.0,0.0,0.0,0.0,0.0,0.0,0.0
3245055355143,26.8446,0,None,0.0,0.0,0.0,0.0,0.0,0.0,0.0,0.0,0.0,0.0,0.0,0.0,0.0,0.0,0.0,0.0
3245201716326,26.991,0,None,0.0,0.0,0.0,0.0,0.0,0.0,0.0,0.0,0.0,0.0,0.0,0.0,0.0,0.0,0.0,0.0
3245350684914,27.14,0,None,0.0,0.0,0.0,0.0,0.0,0.0,0.0,0.0,0.0,0.0,0.0,0.0,0.0,0.0,0.0,0.0
3245499598520,27.2889,0,None,0.0,0.0,0.0,0.0,0.0,0.0,0.0,0.0,0.0,0.0,0.0,0.0,0.0,0.0,0.0,0.0
3245650303441,27.4396,0,None,0.0,0.0,0.0,0.0,0.0,0.0,0.0,0.0,0.0,0.0,0.0,0.0,0.0,0.0,0.0,0.0
3245800201197,27.5895,0,None,0.0,0.0,0.0,0.0,0.0,0.0,0.0,0.0,0.0,0.0,0.0,0.0,0.0,0.0,0.0,0.0
3245959052004,27.7483,0,None,0.0,0.0,0.0,0.0,0.0,0.0,0.0,0.0,0.0,0.0,0.0,0.0,0.0,0.0,0.0,0.0
3246108229153,27.8975,0,None,0.0,0.0,0.0,0.0,0.0,0.0,0.0,0.0,0.0,0.0,0.0,0.0,0.0,0.0,0.0,0.0
3246257901682,28.0472,0,None,0.0,0.0,0.0,0.0,0.0,0.0,0.0,0.0,0.0,0.0,0.0,0.0,0.0,0.0,0.0,0.0
3246396135299,28.1854,0,None,0.0,0.0,0.0,0.0,0.0,0.0,0.0,0.0,0.0,0.0,0.0,0.0,0.0,0.0,0.0,0.0
3246534900501,28.3242,0,None,0.0,0.0,0.0,0.0,0.0,0.0,0.0,0.0,0.0,0.0,0.0,0.0,0.0,0.0,0.0,0.0
3246673530126,28.4628,0,None,0.0,0.0,0.0,0.0,0.0,0.0,0.0,0.0,0.0,0.0,0.0,0.0,0.0,0.0,0.0,0.0
3246809834981,28.5991,0,None,0.0,0.0,0.0,0.0,0.0,0.0,0.0,0.0,0.0,0.0,0.0,0.0,0.0,0.0,0.0,0.0
3246945712384,28.735,0,None,0.0,0.0,0.0,0.0,0.0,0.0,0.0,0.0,0.0,0.0,0.0,0.0,0.0,0.0,0.0,0.0
3247077747710,28.867,0,None,0.0,0.0,0.0,0.0,0.0,0.0,0.0,0.0,0.0,0.0,0.0,0.0,0.0,0.0,0.0,0.0
3247211268232,29.0005,0,None,0.0,0.0,0.0,0.0,0.0,0.0,0.0,0.0,0.0,0.0,0.0,0.0,0.0,0.0,0.0,0.0
3247349454405,29.1387,0,None,0.0,0.0,0.0,0.0,0.0,0.0,0.0,0.0,0.0,0.0,0.0,0.0,0.0,0.0,0.0,0.0
3247491847016,29.2811,0,None,0.0,0.0,0.0,0.0,0.0,0.0,0.0,0.0,0.0,0.0,0.0,0.0,0.0,0.0,0.0,0.0
3247628350452,29.4176,0,None,0.0,0.0,0.0,0.0,0.0,0.0,0.0,0.0,0.0,0.0,0.0,0.0,0.0,0.0,0.0,0.0
3247760213258,29.5495,0,None,0.0,0.0,0.0,0.0,0.0,0.0,0.0,0.0,0.0,0.0,0.0,0.0,0.0,0.0,0.0,0.0
3247892169399,29.6814,0,None,0.0,0.0,0.0,0.0,0.0,0.0,0.0,0.0,0.0,0.0,0.0,0.0,0.0,0.0,0.0,0.0
3248025007558,29.8143,0,None,0.0,0.0,0.0,0.0,0.0,0.0,0.0,0.0,0.0,0.0,0.0,0.0,0.0,0.0,0.0,0.0
3248158484897,29.9478,0,None,0.0,0.0,0.0,0.0,0.0,0.0,0.0,0.0,0.0,0.0,0.0,0.0,0.0,0.0,0.0,0.0
3248291403206,30.0807,0,None,0.0,0.0,0.0,0.0,0.0,0.0,0.0,0.0,0.0,0.0,0.0,0.0,0.0,0.0,0.0,0.0
3248429710904,30.219,0,None,0.0,0.0,0.0,0.0,0.0,0.0,0.0,0.0,0.0,0.0,0.0,0.0,0.0,0.0,0.0,0.0
3248569473539,30.3587,0,None,0.0,0.0,0.0,0.0,0.0,0.0,0.0,0.0,0.0,0.0,0.0,0.0,0.0,0.0,0.0,0.0
3248707764977,30.497,0,None,0.0,0.0,0.0,0.0,0.0,0.0,0.0,0.0,0.0,0.0,0.0,0.0,0.0,0.0,0.0,0.0
3248845000598,30.6343,0,None,0.0,0.0,0.0,0.0,0.0,0.0,0.0,0.0,0.0,0.0,0.0,0.0,0.0,0.0,0.0,0.0
3248999374323,30.7886,1,Right,0.96,26.7,14.0,0.0,57.7,32.8,7.6,77.9,28.3,2.7,85.9,34.3,1.0,76.6,38.9,3.9
3249120823255,30.9101,1,Right,0.99,21.6,9.6,0.0,50.1,17.6,7.9,54.9,28.8,1.4,55.3,37.3,3.7,51.9,34.2,6.3
3249246787834,31.0361,0,None,0.0,0.0,0.0,0.0,0.0,0.0,0.0,0.0,0.0,0.0,0.0,0.0,0.0,0.0,0.0,0.0
3249404087844,31.1934,1,Right,0.98,21.4,11.6,0.0,72.1,15.0,6.3,82.6,19.6,1.7,87.2,26.2,4.1,82.6,24.3,6.9
3249529697491,31.319,1,Right,0.95,15.6,14.1,0.0,54.1,15.7,6.5,60.2,25.8,1.0,61.9,33.6,3.6,59.3,29.1,6.4
3249650010810,31.4393,0,None,0.0,0.0,0.0,0.0,0.0,0.0,0.0,0.0,0.0,0.0,0.0,0.0,0.0,0.0,0.0,0.0
3249802744617,31.592,0,None,0.0,0.0,0.0,0.0,0.0,0.0,0.0,0.0,0.0,0.0,0.0,0.0,0.0,0.0,0.0,0.0
3249939796181,31.7291,0,None,0.0,0.0,0.0,0.0,0.0,0.0,0.0,0.0,0.0,0.0,0.0,0.0,0.0,0.0,0.0,0.0
3250077167529,31.8664,0,None,0.0,0.0,0.0,0.0,0.0,0.0,0.0,0.0,0.0,0.0,0.0,0.0,0.0,0.0,0.0,0.0
3250215185409,32.0045,0,None,0.0,0.0,0.0,0.0,0.0,0.0,0.0,0.0,0.0,0.0,0.0,0.0,0.0,0.0,0.0,0.0
3250351671779,32.1409,0,None,0.0,0.0,0.0,0.0,0.0,0.0,0.0,0.0,0.0,0.0,0.0,0.0,0.0,0.0,0.0,0.0
3250500995797,32.2903,0,None,0.0,0.0,0.0,0.0,0.0,0.0,0.0,0.0,0.0,0.0,0.0,0.0,0.0,0.0,0.0,0.0
3250653443731,32.4427,0,None,0.0,0.0,0.0,0.0,0.0,0.0,0.0,0.0,0.0,0.0,0.0,0.0,0.0,0.0,0.0,0.0
3250804593601,32.5939,0,None,0.0,0.0,0.0,0.0,0.0,0.0,0.0,0.0,0.0,0.0,0.0,0.0,0.0,0.0,0.0,0.0
3250953082214,32.7424,0,None,0.0,0.0,0.0,0.0,0.0,0.0,0.0,0.0,0.0,0.0,0.0,0.0,0.0,0.0,0.0,0.0
3251123092317,32.9124,0,None,0.0,0.0,0.0,0.0,0.0,0.0,0.0,0.0,0.0,0.0,0.0,0.0,0.0,0.0,0.0,0.0
3251274412451,33.0637,0,None,0.0,0.0,0.0,0.0,0.0,0.0,0.0,0.0,0.0,0.0,0.0,0.0,0.0,0.0,0.0,0.0
3251420751079,33.21,0,None,0.0,0.0,0.0,0.0,0.0,0.0,0.0,0.0,0.0,0.0,0.0,0.0,0.0,0.0,0.0,0.0
3251570212677,33.3595,0,None,0.0,0.0,0.0,0.0,0.0,0.0,0.0,0.0,0.0,0.0,0.0,0.0,0.0,0.0,0.0,0.0
3251720223416,33.5095,0,None,0.0,0.0,0.0,0.0,0.0,0.0,0.0,0.0,0.0,0.0,0.0,0.0,0.0,0.0,0.0,0.0
3251868079334,33.6574,0,None,0.0,0.0,0.0,0.0,0.0,0.0,0.0,0.0,0.0,0.0,0.0,0.0,0.0,0.0,0.0,0.0
3252014038824,33.8033,0,None,0.0,0.0,0.0,0.0,0.0,0.0,0.0,0.0,0.0,0.0,0.0,0.0,0.0,0.0,0.0,0.0
3252162692258,33.952,0,None,0.0,0.0,0.0,0.0,0.0,0.0,0.0,0.0,0.0,0.0,0.0,0.0,0.0,0.0,0.0,0.0
3252311497104,34.1008,0,None,0.0,0.0,0.0,0.0,0.0,0.0,0.0,0.0,0.0,0.0,0.0,0.0,0.0,0.0,0.0,0.0
3252449479972,34.2388,0,None,0.0,0.0,0.0,0.0,0.0,0.0,0.0,0.0,0.0,0.0,0.0,0.0,0.0,0.0,0.0,0.0
3252586615917,34.3759,0,None,0.0,0.0,0.0,0.0,0.0,0.0,0.0,0.0,0.0,0.0,0.0,0.0,0.0,0.0,0.0,0.0
3252722952974,34.5122,0,None,0.0,0.0,0.0,0.0,0.0,0.0,0.0,0.0,0.0,0.0,0.0,0.0,0.0,0.0,0.0,0.0
3252854007610,34.6433,0,None,0.0,0.0,0.0,0.0,0.0,0.0,0.0,0.0,0.0,0.0,0.0,0.0,0.0,0.0,0.0,0.0
3252991574063,34.7808,0,None,0.0,0.0,0.0,0.0,0.0,0.0,0.0,0.0,0.0,0.0,0.0,0.0,0.0,0.0,0.0,0.0
3253127182662,34.9165,0,None,0.0,0.0,0.0,0.0,0.0,0.0,0.0,0.0,0.0,0.0,0.0,0.0,0.0,0.0,0.0,0.0
3253267855882,35.0571,0,None,0.0,0.0,0.0,0.0,0.0,0.0,0.0,0.0,0.0,0.0,0.0,0.0,0.0,0.0,0.0,0.0
3253399464587,35.1887,0,None,0.0,0.0,0.0,0.0,0.0,0.0,0.0,0.0,0.0,0.0,0.0,0.0,0.0,0.0,0.0,0.0
3253534003926,35.3233,0,None,0.0,0.0,0.0,0.0,0.0,0.0,0.0,0.0,0.0,0.0,0.0,0.0,0.0,0.0,0.0,0.0
3253666952973,35.4562,0,None,0.0,0.0,0.0,0.0,0.0,0.0,0.0,0.0,0.0,0.0,0.0,0.0,0.0,0.0,0.0,0.0
3253799786221,35.5891,0,None,0.0,0.0,0.0,0.0,0.0,0.0,0.0,0.0,0.0,0.0,0.0,0.0,0.0,0.0,0.0,0.0
3253935020074,35.7243,0,None,0.0,0.0,0.0,0.0,0.0,0.0,0.0,0.0,0.0,0.0,0.0,0.0,0.0,0.0,0.0,0.0
3254071050202,35.8603,0,None,0.0,0.0,0.0,0.0,0.0,0.0,0.0,0.0,0.0,0.0,0.0,0.0,0.0,0.0,0.0,0.0
3254206081736,35.9954,0,None,0.0,0.0,0.0,0.0,0.0,0.0,0.0,0.0,0.0,0.0,0.0,0.0,0.0,0.0,0.0,0.0
3254340285977,36.1296,0,None,0.0,0.0,0.0,0.0,0.0,0.0,0.0,0.0,0.0,0.0,0.0,0.0,0.0,0.0,0.0,0.0
3254479401004,36.2687,0,None,0.0,0.0,0.0,0.0,0.0,0.0,0.0,0.0,0.0,0.0,0.0,0.0,0.0,0.0,0.0,0.0
3254632600669,36.4219,0,None,0.0,0.0,0.0,0.0,0.0,0.0,0.0,0.0,0.0,0.0,0.0,0.0,0.0,0.0,0.0,0.0
3254770579450,36.5599,0,None,0.0,0.0,0.0,0.0,0.0,0.0,0.0,0.0,0.0,0.0,0.0,0.0,0.0,0.0,0.0,0.0
3254922246824,36.7115,1,Right,1.0,25.5,17.5,0.0,55.1,36.8,38.0,51.0,70.2,65.6,50.3,77.5,58.4,50.1,64.6,64.6
3255046735999,36.836,1,Right,1.0,26.2,16.9,0.0,52.9,25.8,15.4,54.7,41.8,35.9,54.4,45.6,37.4,50.5,46.2,40.3
3255171149060,36.9604,1,Right,0.57,6.7,3.9,0.0,36.7,18.3,13.2,40.6,36.7,29.6,39.6,35.1,22.3,34.0,18.7,8.0
3255297458458,37.0867,1,Right,0.99,27.5,13.0,0.0,58.4,15.2,3.7,60.4,16.8,6.5,58.6,15.2,8.4,50.9,12.6,7.1
3255419691718,37.209,1,Right,1.0,28.3,13.2,0.0,65.5,15.4,3.5,70.7,20.2,10.6,69.1,14.3,14.8,56.1,10.5,20.9
3255546641334,37.3359,0,None,0.0,0.0,0.0,0.0,0.0,0.0,0.0,0.0,0.0,0.0,0.0,0.0,0.0,0.0,0.0,0.0
3255703908862,37.4932,1,Right,0.94,26.5,31.9,0.0,22.3,97.0,34.0,16.6,103.7,24.6,4.3,107.6,28.2,8.6,118.0,19.7
3255828791065,37.6181,1,Right,0.93,14.6,2.0,0.0,8.1,6.3,3.8,8.0,9.9,6.4,9.7,11.5,7.9,8.7,20.7,6.4
3255952021587,37.7413,1,Right,0.96,3.2,6.3,0.0,4.6,4.8,2.2,5.2,10.4,2.6,9.2,10.8,3.1,10.9,10.1,1.8
3256080215543,37.8695,1,Right,0.97,3.2,9.3,0.0,7.4,6.8,1.0,3.6,15.8,1.3,7.3,14.3,3.1,7.6,9.4,2.2
3256221628823,38.0109,1,Right,0.94,3.8,8.8,0.0,3.4,4.9,3.4,3.3,9.0,2.7,5.2,9.9,5.7,7.8,9.3,5.7
3256355274132,38.1445,1,Right,0.96,2.4,12.1,0.0,6.4,5.4,4.4,4.8,9.5,2.7,5.7,11.2,6.5,6.9,8.5,6.7
3256481381511,38.2707,1,Right,0.95,3.1,16.5,0.0,6.8,5.0,5.0,3.9,7.7,2.3,4.4,9.4,5.6,4.4,8.2,7.6
3256616791245,38.4061,1,Right,0.95,3.0,14.0,0.0,6.3,5.1,5.5,4.4,6.9,3.7,5.5,7.8,6.9,4.7,7.7,7.6
3256755315858,38.5446,1,Right,0.94,2.7,12.5,0.0,5.8,4.7,6.2,3.2,7.0,4.3,3.6,8.9,7.6,1.6,7.8,8.0
3256884369908,38.6736,1,Right,0.92,1.6,11.9,0.0,4.9,5.4,5.8,2.2,6.9,3.8,3.1,8.9,7.6,3.1,8.5,8.5
3257019997721,38.8093,1,Right,0.94,2.1,10.7,0.0,4.9,5.1,5.6,2.0,7.0,3.9,2.7,8.8,7.6,1.8,8.0,8.2
3257156900246,38.9462,1,Right,0.94,2.1,11.0,0.0,3.8,5.0,5.7,2.2,7.0,4.3,3.0,9.1,8.3,3.0,6.6,8.9
3257293149516,39.0824,1,Right,0.92,1.5,12.6,0.0,2.0,4.6,4.8,3.8,6.6,3.8,4.9,8.4,7.8,3.6,7.0,8.5
3257427415712,39.2167,1,Right,0.94,1.6,15.3,0.0,4.0,5.7,4.5,4.6,7.5,3.6,5.6,9.8,7.4,4.4,9.0,8.9
3257560884817,39.3502,1,Right,0.94,0.5,12.3,0.0,2.9,5.4,3.7,3.4,9.8,2.4,5.9,11.7,7.1,6.5,9.4,8.9
3257695311812,39.4846,1,Right,0.93,5.5,22.4,0.0,6.1,3.7,3.6,3.3,6.8,2.2,1.6,7.9,4.5,4.7,6.2,5.2
3257830403876,39.6197,1,Right,0.74,18.5,6.1,0.0,14.0,49.1,35.1,27.1,53.6,21.6,37.4,42.7,18.8,28.8,42.1,13.0
3257967509389,39.7568,1,Right,0.88,7.9,25.7,0.0,19.0,2.4,15.4,14.7,24.4,7.8,26.6,35.6,5.6,34.9,27.5,7.2
3258100962068,39.8902,0,None,0.0,0.0,0.0,0.0,0.0,0.0,0.0,0.0,0.0,0.0,0.0,0.0,0.0,0.0,0.0,0.0
3258254242132,40.0435,0,None,0.0,0.0,0.0,0.0,0.0,0.0,0.0,0.0,0.0,0.0,0.0,0.0,0.0,0.0,0.0,0.0
3258390569520,40.1798,0,None,0.0,0.0,0.0,0.0,0.0,0.0,0.0,0.0,0.0,0.0,0.0,0.0,0.0,0.0,0.0,0.0
3258526566124,40.3158,0,None,0.0,0.0,0.0,0.0,0.0,0.0,0.0,0.0,0.0,0.0,0.0,0.0,0.0,0.0,0.0,0.0
3258658850818,40.4481,0,None,0.0,0.0,0.0,0.0,0.0,0.0,0.0,0.0,0.0,0.0,0.0,0.0,0.0,0.0,0.0,0.0
3258802660100,40.5919,0,None,0.0,0.0,0.0,0.0,0.0,0.0,0.0,0.0,0.0,0.0,0.0,0.0,0.0,0.0,0.0,0.0
3258965293376,40.7546,0,None,0.0,0.0,0.0,0.0,0.0,0.0,0.0,0.0,0.0,0.0,0.0,0.0,0.0,0.0,0.0,0.0
3259099686576,40.889,0,None,0.0,0.0,0.0,0.0,0.0,0.0,0.0,0.0,0.0,0.0,0.0,0.0,0.0,0.0,0.0,0.0
3259234165557,41.0234,0,None,0.0,0.0,0.0,0.0,0.0,0.0,0.0,0.0,0.0,0.0,0.0,0.0,0.0,0.0,0.0,0.0
3259368271457,41.1575,0,None,0.0,0.0,0.0,0.0,0.0,0.0,0.0,0.0,0.0,0.0,0.0,0.0,0.0,0.0,0.0,0.0
3259502683531,41.292,0,None,0.0,0.0,0.0,0.0,0.0,0.0,0.0,0.0,0.0,0.0,0.0,0.0,0.0,0.0,0.0,0.0
3259637655987,41.4269,0,None,0.0,0.0,0.0,0.0,0.0,0.0,0.0,0.0,0.0,0.0,0.0,0.0,0.0,0.0,0.0,0.0
3259773557536,41.5628,0,None,0.0,0.0,0.0,0.0,0.0,0.0,0.0,0.0,0.0,0.0,0.0,0.0,0.0,0.0,0.0,0.0
3259912940433,41.7022,0,None,0.0,0.0,0.0,0.0,0.0,0.0,0.0,0.0,0.0,0.0,0.0,0.0,0.0,0.0,0.0,0.0
3260048877890,41.8382,0,None,0.0,0.0,0.0,0.0,0.0,0.0,0.0,0.0,0.0,0.0,0.0,0.0,0.0,0.0,0.0,0.0
3260188809170,41.9781,0,None,0.0,0.0,0.0,0.0,0.0,0.0,0.0,0.0,0.0,0.0,0.0,0.0,0.0,0.0,0.0,0.0
3260330688397,42.12,0,None,0.0,0.0,0.0,0.0,0.0,0.0,0.0,0.0,0.0,0.0,0.0,0.0,0.0,0.0,0.0,0.0
3260470240560,42.2595,0,None,0.0,0.0,0.0,0.0,0.0,0.0,0.0,0.0,0.0,0.0,0.0,0.0,0.0,0.0,0.0,0.0
3260607229671,42.3965,0,None,0.0,0.0,0.0,0.0,0.0,0.0,0.0,0.0,0.0,0.0,0.0,0.0,0.0,0.0,0.0,0.0
3260745584828,42.5349,0,None,0.0,0.0,0.0,0.0,0.0,0.0,0.0,0.0,0.0,0.0,0.0,0.0,0.0,0.0,0.0,0.0
3260883542199,42.6728,0,None,0.0,0.0,0.0,0.0,0.0,0.0,0.0,0.0,0.0,0.0,0.0,0.0,0.0,0.0,0.0,0.0
3261020907318,42.8102,0,None,0.0,0.0,0.0,0.0,0.0,0.0,0.0,0.0,0.0,0.0,0.0,0.0,0.0,0.0,0.0,0.0
3261159838190,42.9491,0,None,0.0,0.0,0.0,0.0,0.0,0.0,0.0,0.0,0.0,0.0,0.0,0.0,0.0,0.0,0.0,0.0
3261304193507,43.0935,0,None,0.0,0.0,0.0,0.0,0.0,0.0,0.0,0.0,0.0,0.0,0.0,0.0,0.0,0.0,0.0,0.0
3261464923550,43.2542,0,None,0.0,0.0,0.0,0.0,0.0,0.0,0.0,0.0,0.0,0.0,0.0,0.0,0.0,0.0,0.0,0.0
3261626486406,43.4158,0,None,0.0,0.0,0.0,0.0,0.0,0.0,0.0,0.0,0.0,0.0,0.0,0.0,0.0,0.0,0.0,0.0
3261769939411,43.5592,0,None,0.0,0.0,0.0,0.0,0.0,0.0,0.0,0.0,0.0,0.0,0.0,0.0,0.0,0.0,0.0,0.0
3261907724448,43.697,0,None,0.0,0.0,0.0,0.0,0.0,0.0,0.0,0.0,0.0,0.0,0.0,0.0,0.0,0.0,0.0,0.0
3262042157750,43.8314,0,None,0.0,0.0,0.0,0.0,0.0,0.0,0.0,0.0,0.0,0.0,0.0,0.0,0.0,0.0,0.0,0.0
3262176160043,43.9654,0,None,0.0,0.0,0.0,0.0,0.0,0.0,0.0,0.0,0.0,0.0,0.0,0.0,0.0,0.0,0.0,0.0
3262313280160,44.1026,0,None,0.0,0.0,0.0,0.0,0.0,0.0,0.0,0.0,0.0,0.0,0.0,0.0,0.0,0.0,0.0,0.0
3262451227832,44.2405,0,None,0.0,0.0,0.0,0.0,0.0,0.0,0.0,0.0,0.0,0.0,0.0,0.0,0.0,0.0,0.0,0.0
3262597402470,44.3867,0,None,0.0,0.0,0.0,0.0,0.0,0.0,0.0,0.0,0.0,0.0,0.0,0.0,0.0,0.0,0.0,0.0
3262754045932,44.5433,0,None,0.0,0.0,0.0,0.0,0.0,0.0,0.0,0.0,0.0,0.0,0.0,0.0,0.0,0.0,0.0,0.0
3262905159188,44.6944,0,None,0.0,0.0,0.0,0.0,0.0,0.0,0.0,0.0,0.0,0.0,0.0,0.0,0.0,0.0,0.0,0.0
3263050766870,44.84,0,None,0.0,0.0,0.0,0.0,0.0,0.0,0.0,0.0,0.0,0.0,0.0,0.0,0.0,0.0,0.0,0.0
3263200188443,44.9895,0,None,0.0,0.0,0.0,0.0,0.0,0.0,0.0,0.0,0.0,0.0,0.0,0.0,0.0,0.0,0.0,0.0
3263347981041,45.1373,0,None,0.0,0.0,0.0,0.0,0.0,0.0,0.0,0.0,0.0,0.0,0.0,0.0,0.0,0.0,0.0,0.0
3263492720967,45.282,0,None,0.0,0.0,0.0,0.0,0.0,0.0,0.0,0.0,0.0,0.0,0.0,0.0,0.0,0.0,0.0,0.0
3263659796775,45.4491,1,Right,1.0,17.2,20.7,0.0,26.1,13.8,4.3,17.9,25.8,7.6,21.4,27.3,6.0,31.4,16.6,3.2
3263794851410,45.5841,1,Right,1.0,10.4,2.3,0.0,28.3,24.0,12.1,23.3,39.4,8.9,29.9,35.9,5.2,34.0,22.5,3.5
3263928978951,45.7183,1,Right,1.0,11.5,5.4,0.0,25.8,17.1,8.4,18.8,27.1,6.4,24.4,27.3,4.3,29.4,17.9,3.4
3264058461601,45.8477,1,Right,1.0,13.3,3.3,0.0,22.5,19.2,10.6,17.2,29.9,10.9,24.0,26.2,6.1,28.3,15.4,3.4
3264188727897,45.978,1,Right,1.0,14.2,3.4,0.0,26.5,18.8,9.5,19.9,28.4,7.8,25.5,27.8,4.0,29.0,17.0,1.8
3264339896807,46.1292,1,Right,1.0,14.1,3.0,0.0,25.2,17.3,7.6,17.9,26.4,6.0,24.1,25.9,2.5,28.3,15.5,1.2
3264522302063,46.3116,1,Right,1.0,14.4,2.5,0.0,25.9,18.0,7.4,18.0,27.2,6.2,24.3,26.5,2.8,28.4,15.9,1.6
3264652949924,46.4422,1,Right,1.0,14.4,2.5,0.0,26.1,19.3,8.7,18.7,28.8,6.8,24.7,27.4,3.0,28.5,16.1,1.5
3264776347711,46.5656,1,Right,1.0,13.9,2.6,0.0,25.9,18.4,8.0,18.5,28.1,6.2,24.8,27.2,2.8,28.6,16.4,1.5
3264901315105,46.6906,1,Right,1.0,14.3,2.7,0.0,26.1,18.0,8.1,18.8,27.4,6.4,24.9,26.6,2.8,28.7,15.9,1.3
3265021603328,46.8109,1,Right,1.0,14.4,2.7,0.0,26.7,16.7,6.9,18.5,26.2,6.0,24.5,26.2,2.8,28.5,15.9,1.4
3265143909001,46.9332,1,Right,1.0,14.6,2.9,0.0,27.2,17.6,7.7,19.2,27.5,6.4,25.1,27.1,2.9,28.9,16.4,1.4
3265266321620,47.0556,0,None,0.0,0.0,0.0,0.0,0.0,0.0,0.0,0.0,0.0,0.0,0.0,0.0,0.0,0.0,0.0,0.0
3265403274317,47.1925,0,None,0.0,0.0,0.0,0.0,0.0,0.0,0.0,0.0,0.0,0.0,0.0,0.0,0.0,0.0,0.0,0.0
3265541391519,47.3307,0,None,0.0,0.0,0.0,0.0,0.0,0.0,0.0,0.0,0.0,0.0,0.0,0.0,0.0,0.0,0.0,0.0
3265681515170,47.4708,0,None,0.0,0.0,0.0,0.0,0.0,0.0,0.0,0.0,0.0,0.0,0.0,0.0,0.0,0.0,0.0,0.0
3265818281086,47.6076,0,None,0.0,0.0,0.0,0.0,0.0,0.0,0.0,0.0,0.0,0.0,0.0,0.0,0.0,0.0,0.0,0.0
3265954065963,47.7433,0,None,0.0,0.0,0.0,0.0,0.0,0.0,0.0,0.0,0.0,0.0,0.0,0.0,0.0,0.0,0.0,0.0
3266088374680,47.8776,0,None,0.0,0.0,0.0,0.0,0.0,0.0,0.0,0.0,0.0,0.0,0.0,0.0,0.0,0.0,0.0,0.0
3266225747274,48.015,0,None,0.0,0.0,0.0,0.0,0.0,0.0,0.0,0.0,0.0,0.0,0.0,0.0,0.0,0.0,0.0,0.0
3266364222264,48.1535,0,None,0.0,0.0,0.0,0.0,0.0,0.0,0.0,0.0,0.0,0.0,0.0,0.0,0.0,0.0,0.0,0.0
3266502049019,48.2913,0,None,0.0,0.0,0.0,0.0,0.0,0.0,0.0,0.0,0.0,0.0,0.0,0.0,0.0,0.0,0.0,0.0
3266639782494,48.4291,0,None,0.0,0.0,0.0,0.0,0.0,0.0,0.0,0.0,0.0,0.0,0.0,0.0,0.0,0.0,0.0,0.0
3266791816355,48.5811,0,None,0.0,0.0,0.0,0.0,0.0,0.0,0.0,0.0,0.0,0.0,0.0,0.0,0.0,0.0,0.0,0.0
3266974746887,48.764,1,Right,0.92,9.5,17.3,0.0,34.1,10.5,5.7,32.1,17.9,8.1,39.7,24.6,9.6,40.7,20.6,8.7
3267113633034,48.9029,0,None,0.0,0.0,0.0,0.0,0.0,0.0,0.0,0.0,0.0,0.0,0.0,0.0,0.0,0.0,0.0,0.0
3267290923284,49.0802,0,None,0.0,0.0,0.0,0.0,0.0,0.0,0.0,0.0,0.0,0.0,0.0,0.0,0.0,0.0,0.0,0.0
3267424731996,49.214,0,None,0.0,0.0,0.0,0.0,0.0,0.0,0.0,0.0,0.0,0.0,0.0,0.0,0.0,0.0,0.0,0.0
3267564702631,49.354,0,None,0.0,0.0,0.0,0.0,0.0,0.0,0.0,0.0,0.0,0.0,0.0,0.0,0.0,0.0,0.0,0.0
3267708095373,49.4974,0,None,0.0,0.0,0.0,0.0,0.0,0.0,0.0,0.0,0.0,0.0,0.0,0.0,0.0,0.0,0.0,0.0
3267863247708,49.6525,0,None,0.0,0.0,0.0,0.0,0.0,0.0,0.0,0.0,0.0,0.0,0.0,0.0,0.0,0.0,0.0,0.0
3268014336979,49.8036,0,None,0.0,0.0,0.0,0.0,0.0,0.0,0.0,0.0,0.0,0.0,0.0,0.0,0.0,0.0,0.0,0.0
3268160166938,49.9494,0,None,0.0,0.0,0.0,0.0,0.0,0.0,0.0,0.0,0.0,0.0,0.0,0.0,0.0,0.0,0.0,0.0
3268311602012,50.1009,0,None,0.0,0.0,0.0,0.0,0.0,0.0,0.0,0.0,0.0,0.0,0.0,0.0,0.0,0.0,0.0,0.0
3268457689646,50.247,0,None,0.0,0.0,0.0,0.0,0.0,0.0,0.0,0.0,0.0,0.0,0.0,0.0,0.0,0.0,0.0,0.0
3268603174397,50.3924,0,None,0.0,0.0,0.0,0.0,0.0,0.0,0.0,0.0,0.0,0.0,0.0,0.0,0.0,0.0,0.0,0.0
3268749619445,50.5389,0,None,0.0,0.0,0.0,0.0,0.0,0.0,0.0,0.0,0.0,0.0,0.0,0.0,0.0,0.0,0.0,0.0
3268900907778,50.6902,0,None,0.0,0.0,0.0,0.0,0.0,0.0,0.0,0.0,0.0,0.0,0.0,0.0,0.0,0.0,0.0,0.0
3269050566615,50.8398,0,None,0.0,0.0,0.0,0.0,0.0,0.0,0.0,0.0,0.0,0.0,0.0,0.0,0.0,0.0,0.0,0.0
3269196864419,50.9861,0,None,0.0,0.0,0.0,0.0,0.0,0.0,0.0,0.0,0.0,0.0,0.0,0.0,0.0,0.0,0.0,0.0
3269345263602,51.1345,0,None,0.0,0.0,0.0,0.0,0.0,0.0,0.0,0.0,0.0,0.0,0.0,0.0,0.0,0.0,0.0,0.0
3269496763794,51.286,0,None,0.0,0.0,0.0,0.0,0.0,0.0,0.0,0.0,0.0,0.0,0.0,0.0,0.0,0.0,0.0,0.0
3269636494040,51.4258,0,None,0.0,0.0,0.0,0.0,0.0,0.0,0.0,0.0,0.0,0.0,0.0,0.0,0.0,0.0,0.0,0.0
3269778171252,51.5674,0,None,0.0,0.0,0.0,0.0,0.0,0.0,0.0,0.0,0.0,0.0,0.0,0.0,0.0,0.0,0.0,0.0
3269916410134,51.7057,0,None,0.0,0.0,0.0,0.0,0.0,0.0,0.0,0.0,0.0,0.0,0.0,0.0,0.0,0.0,0.0,0.0
3270049433076,51.8387,0,None,0.0,0.0,0.0,0.0,0.0,0.0,0.0,0.0,0.0,0.0,0.0,0.0,0.0,0.0,0.0,0.0
3270186113204,51.9754,0,None,0.0,0.0,0.0,0.0,0.0,0.0,0.0,0.0,0.0,0.0,0.0,0.0,0.0,0.0,0.0,0.0
3270317169532,52.1064,0,None,0.0,0.0,0.0,0.0,0.0,0.0,0.0,0.0,0.0,0.0,0.0,0.0,0.0,0.0,0.0,0.0
3270449356014,52.2386,0,None,0.0,0.0,0.0,0.0,0.0,0.0,0.0,0.0,0.0,0.0,0.0,0.0,0.0,0.0,0.0,0.0
3270587755921,52.377,0,None,0.0,0.0,0.0,0.0,0.0,0.0,0.0,0.0,0.0,0.0,0.0,0.0,0.0,0.0,0.0,0.0
3270725640409,52.5149,0,None,0.0,0.0,0.0,0.0,0.0,0.0,0.0,0.0,0.0,0.0,0.0,0.0,0.0,0.0,0.0,0.0
3270861886716,52.6512,0,None,0.0,0.0,0.0,0.0,0.0,0.0,0.0,0.0,0.0,0.0,0.0,0.0,0.0,0.0,0.0,0.0
3270995447689,52.7847,0,None,0.0,0.0,0.0,0.0,0.0,0.0,0.0,0.0,0.0,0.0,0.0,0.0,0.0,0.0,0.0,0.0
3271128993422,52.9183,0,None,0.0,0.0,0.0,0.0,0.0,0.0,0.0,0.0,0.0,0.0,0.0,0.0,0.0,0.0,0.0,0.0
3271261754046,53.051,0,None,0.0,0.0,0.0,0.0,0.0,0.0,0.0,0.0,0.0,0.0,0.0,0.0,0.0,0.0,0.0,0.0
3271395226779,53.1845,0,None,0.0,0.0,0.0,0.0,0.0,0.0,0.0,0.0,0.0,0.0,0.0,0.0,0.0,0.0,0.0,0.0
3271534428520,53.3237,0,None,0.0,0.0,0.0,0.0,0.0,0.0,0.0,0.0,0.0,0.0,0.0,0.0,0.0,0.0,0.0,0.0
3271672471811,53.4617,0,None,0.0,0.0,0.0,0.0,0.0,0.0,0.0,0.0,0.0,0.0,0.0,0.0,0.0,0.0,0.0,0.0
3271810563843,53.5998,0,None,0.0,0.0,0.0,0.0,0.0,0.0,0.0,0.0,0.0,0.0,0.0,0.0,0.0,0.0,0.0,0.0
3271948622542,53.7379,0,None,0.0,0.0,0.0,0.0,0.0,0.0,0.0,0.0,0.0,0.0,0.0,0.0,0.0,0.0,0.0,0.0
3272084269690,53.8735,0,None,0.0,0.0,0.0,0.0,0.0,0.0,0.0,0.0,0.0,0.0,0.0,0.0,0.0,0.0,0.0,0.0
3272226949410,54.0162,0,None,0.0,0.0,0.0,0.0,0.0,0.0,0.0,0.0,0.0,0.0,0.0,0.0,0.0,0.0,0.0,0.0
3272387169697,54.1764,0,None,0.0,0.0,0.0,0.0,0.0,0.0,0.0,0.0,0.0,0.0,0.0,0.0,0.0,0.0,0.0,0.0
3272551015505,54.3403,0,None,0.0,0.0,0.0,0.0,0.0,0.0,0.0,0.0,0.0,0.0,0.0,0.0,0.0,0.0,0.0,0.0
3272712444040,54.5017,0,None,0.0,0.0,0.0,0.0,0.0,0.0,0.0,0.0,0.0,0.0,0.0,0.0,0.0,0.0,0.0,0.0
3272879913755,54.6692,0,None,0.0,0.0,0.0,0.0,0.0,0.0,0.0,0.0,0.0,0.0,0.0,0.0,0.0,0.0,0.0,0.0
3273031985727,54.8213,0,None,0.0,0.0,0.0,0.0,0.0,0.0,0.0,0.0,0.0,0.0,0.0,0.0,0.0,0.0,0.0,0.0
3273180342048,54.9696,0,None,0.0,0.0,0.0,0.0,0.0,0.0,0.0,0.0,0.0,0.0,0.0,0.0,0.0,0.0,0.0,0.0
3273326376526,55.1157,0,None,0.0,0.0,0.0,0.0,0.0,0.0,0.0,0.0,0.0,0.0,0.0,0.0,0.0,0.0,0.0,0.0
3273477572964,55.2668,0,None,0.0,0.0,0.0,0.0,0.0,0.0,0.0,0.0,0.0,0.0,0.0,0.0,0.0,0.0,0.0,0.0
3273624416349,55.4137,0,None,0.0,0.0,0.0,0.0,0.0,0.0,0.0,0.0,0.0,0.0,0.0,0.0,0.0,0.0,0.0,0.0
3273773037141,55.5623,0,None,0.0,0.0,0.0,0.0,0.0,0.0,0.0,0.0,0.0,0.0,0.0,0.0,0.0,0.0,0.0,0.0
3273925177117,55.7145,0,None,0.0,0.0,0.0,0.0,0.0,0.0,0.0,0.0,0.0,0.0,0.0,0.0,0.0,0.0,0.0,0.0
3274086581785,55.8759,0,None,0.0,0.0,0.0,0.0,0.0,0.0,0.0,0.0,0.0,0.0,0.0,0.0,0.0,0.0,0.0,0.0
3274236839000,56.0261,0,None,0.0,0.0,0.0,0.0,0.0,0.0,0.0,0.0,0.0,0.0,0.0,0.0,0.0,0.0,0.0,0.0
3274384770854,56.174,0,None,0.0,0.0,0.0,0.0,0.0,0.0,0.0,0.0,0.0,0.0,0.0,0.0,0.0,0.0,0.0,0.0
3274537252525,56.3265,0,None,0.0,0.0,0.0,0.0,0.0,0.0,0.0,0.0,0.0,0.0,0.0,0.0,0.0,0.0,0.0,0.0
3274704875417,56.4942,1,Right,1.0,17.7,7.3,0.0,42.7,15.5,2.9,38.4,27.2,2.8,41.1,29.7,2.0,43.8,21.5,2.0
3274829573439,56.6188,0,None,0.0,0.0,0.0,0.0,0.0,0.0,0.0,0.0,0.0,0.0,0.0,0.0,0.0,0.0,0.0,0.0
3274964530581,56.7538,0,None,0.0,0.0,0.0,0.0,0.0,0.0,0.0,0.0,0.0,0.0,0.0,0.0,0.0,0.0,0.0,0.0
3275100984606,56.8903,0,None,0.0,0.0,0.0,0.0,0.0,0.0,0.0,0.0,0.0,0.0,0.0,0.0,0.0,0.0,0.0,0.0
3275240631623,57.0299,0,None,0.0,0.0,0.0,0.0,0.0,0.0,0.0,0.0,0.0,0.0,0.0,0.0,0.0,0.0,0.0,0.0
3275397668428,57.1869,0,None,0.0,0.0,0.0,0.0,0.0,0.0,0.0,0.0,0.0,0.0,0.0,0.0,0.0,0.0,0.0,0.0
3275535892066,57.3252,0,None,0.0,0.0,0.0,0.0,0.0,0.0,0.0,0.0,0.0,0.0,0.0,0.0,0.0,0.0,0.0,0.0
3275674155520,57.4634,0,None,0.0,0.0,0.0,0.0,0.0,0.0,0.0,0.0,0.0,0.0,0.0,0.0,0.0,0.0,0.0,0.0
3275811927353,57.6012,0,None,0.0,0.0,0.0,0.0,0.0,0.0,0.0,0.0,0.0,0.0,0.0,0.0,0.0,0.0,0.0,0.0
3275948362065,57.7376,0,None,0.0,0.0,0.0,0.0,0.0,0.0,0.0,0.0,0.0,0.0,0.0,0.0,0.0,0.0,0.0,0.0
3276081179980,57.8705,0,None,0.0,0.0,0.0,0.0,0.0,0.0,0.0,0.0,0.0,0.0,0.0,0.0,0.0,0.0,0.0,0.0
3276212930003,58.0022,0,None,0.0,0.0,0.0,0.0,0.0,0.0,0.0,0.0,0.0,0.0,0.0,0.0,0.0,0.0,0.0,0.0
3276343769267,58.133,0,None,0.0,0.0,0.0,0.0,0.0,0.0,0.0,0.0,0.0,0.0,0.0,0.0,0.0,0.0,0.0,0.0
3276483861873,58.2731,0,None,0.0,0.0,0.0,0.0,0.0,0.0,0.0,0.0,0.0,0.0,0.0,0.0,0.0,0.0,0.0,0.0
3276635247675,58.4245,0,None,0.0,0.0,0.0,0.0,0.0,0.0,0.0,0.0,0.0,0.0,0.0,0.0,0.0,0.0,0.0,0.0
3276768495768,58.5578,0,None,0.0,0.0,0.0,0.0,0.0,0.0,0.0,0.0,0.0,0.0,0.0,0.0,0.0,0.0,0.0,0.0
3276902704733,58.692,0,None,0.0,0.0,0.0,0.0,0.0,0.0,0.0,0.0,0.0,0.0,0.0,0.0,0.0,0.0,0.0,0.0
3277036657730,58.8259,0,None,0.0,0.0,0.0,0.0,0.0,0.0,0.0,0.0,0.0,0.0,0.0,0.0,0.0,0.0,0.0,0.0
3277171898994,58.9612,0,None,0.0,0.0,0.0,0.0,0.0,0.0,0.0,0.0,0.0,0.0,0.0,0.0,0.0,0.0,0.0,0.0
3277306845790,59.0961,0,None,0.0,0.0,0.0,0.0,0.0,0.0,0.0,0.0,0.0,0.0,0.0,0.0,0.0,0.0,0.0,0.0
3277443731869,59.233,0,None,0.0,0.0,0.0,0.0,0.0,0.0,0.0,0.0,0.0,0.0,0.0,0.0,0.0,0.0,0.0,0.0
3277580383035,59.3697,0,None,0.0,0.0,0.0,0.0,0.0,0.0,0.0,0.0,0.0,0.0,0.0,0.0,0.0,0.0,0.0,0.0
3277715993346,59.5053,0,None,0.0,0.0,0.0,0.0,0.0,0.0,0.0,0.0,0.0,0.0,0.0,0.0,0.0,0.0,0.0,0.0
3277855041951,59.6443,0,None,0.0,0.0,0.0,0.0,0.0,0.0,0.0,0.0,0.0,0.0,0.0,0.0,0.0,0.0,0.0,0.0
3278009540413,59.7988,0,None,0.0,0.0,0.0,0.0,0.0,0.0,0.0,0.0,0.0,0.0,0.0,0.0,0.0,0.0,0.0,0.0
3278169533526,59.9588,0,None,0.0,0.0,0.0,0.0,0.0,0.0,0.0,0.0,0.0,0.0,0.0,0.0,0.0,0.0,0.0,0.0
3278317892936,60.1072,0,None,0.0,0.0,0.0,0.0,0.0,0.0,0.0,0.0,0.0,0.0,0.0,0.0,0.0,0.0,0.0,0.0
3278466087863,60.2554,0,None,0.0,0.0,0.0,0.0,0.0,0.0,0.0,0.0,0.0,0.0,0.0,0.0,0.0,0.0,0.0,0.0
3278616489762,60.4058,0,None,0.0,0.0,0.0,0.0,0.0,0.0,0.0,0.0,0.0,0.0,0.0,0.0,0.0,0.0,0.0,0.0
3278765568263,60.5548,0,None,0.0,0.0,0.0,0.0,0.0,0.0,0.0,0.0,0.0,0.0,0.0,0.0,0.0,0.0,0.0,0.0
3278913477110,60.7028,0,None,0.0,0.0,0.0,0.0,0.0,0.0,0.0,0.0,0.0,0.0,0.0,0.0,0.0,0.0,0.0,0.0
3279063234347,60.8525,0,None,0.0,0.0,0.0,0.0,0.0,0.0,0.0,0.0,0.0,0.0,0.0,0.0,0.0,0.0,0.0,0.0
